artist_1	artist_2	count	song_ids
Columbine	Lujipeka	17	['5LcqAnzl3l6tU3gX97xdvr', '17y8kqTbNDd9QM3j6yln4g', '0nauWQtOaFKUtpLUMPyxmG', '1M4U4UhbLrsX6JFIziHDkc', '7tJxOGGsTtw7CbRWgUYCld', '6pbCwd97Z68YM9PUpMVyHG', '5gegBG8esqlmKnRmJnZxps', '62JVMdktO5BFoG5LDphZul', '4fz2eKxZLsqp3zbJIuUqKW', '4NK6D8GiarjU5inTO8FCsJ', '7jUjpnMND7rjZmwbEK4ypv', '7GsGnUGsEJhP2vLuuB7O5f', '1op3nCu1EYmenuL7GGu8fv', '6EiTuxMcy7AlXB87PwsuUQ', '2dvwhzSlsiTkk1CNEoHKBA', '1icidgr9oPc9EfCge3f4yd', '6Uk6MCdcT025QBTcXRFKDL']
Columbine	Foda C	14	['5LcqAnzl3l6tU3gX97xdvr', '17y8kqTbNDd9QM3j6yln4g', '0nauWQtOaFKUtpLUMPyxmG', '6pbCwd97Z68YM9PUpMVyHG', '62JVMdktO5BFoG5LDphZul', '1JO1Gd2pe4szngaZm8RS6r', '3MpJRc1mYYn42o4Z49EiBR', '4NK6D8GiarjU5inTO8FCsJ', '7jUjpnMND7rjZmwbEK4ypv', '4DcQabfOSmTEqFWCV5JWLE', '7GsGnUGsEJhP2vLuuB7O5f', '6EiTuxMcy7AlXB87PwsuUQ', '1Mufe4tTWAmmK15pV36gWE', '5uNb0ZPaGWBODAiDjZfMeW']
Foda C	Lujipeka	10	['5LcqAnzl3l6tU3gX97xdvr', '17y8kqTbNDd9QM3j6yln4g', '0nauWQtOaFKUtpLUMPyxmG', '6pbCwd97Z68YM9PUpMVyHG', '62JVMdktO5BFoG5LDphZul', '4NK6D8GiarjU5inTO8FCsJ', '7jUjpnMND7rjZmwbEK4ypv', '7GsGnUGsEJhP2vLuuB7O5f', '6EiTuxMcy7AlXB87PwsuUQ', '3z8SyZeXlCd9YX6HpkgxQT']
Kaaris	Sofiane	8	['4s7OqcUEyLJ1RkbzBopRGt', '7qWsMxgCMFyjlnvLMocf4p', '7a3bAVIQUT26MIdWSjHLec', '0C3xPsZORqZuJ217WBN83M', '0tTO8sPwWzlEh2CzUMFZE2', '7006NKCGUmFtdJJUSfhOIx', '47mLzPbWGQgUoX6OuVxZZY', '7d2wHUul70SChBL2mhgIwM']
Dadju	Maître Gims	5	['1XcnxfOeLvLPGh2Drr2yNb', '4z0IXsydGE0IpQnO2uOlKU', '3Saj2Z6EREWpbbXzERwYye', '7vaHVmMKvajDN4IwtNslnI', '3alSzdz0U10gV2aXVigYkT']
Kendrick Lamar	SZA	4	['3GCdLUSnKSMJhs4Tj6CV3s', '12SJpYZEdj4kzWZ8FPFg4Y', '2Imq77E6CEJR5TPUxlJvTY', '66kQ7wr4d2LwwSjr7HXcyr']
Le Motel	Roméo Elvis	4	['1FA2zEZrny0KWchhx8CaHt', '7HGTYcZtkKPWbMxR3eXhBc', '6cfHjCMFEhFMO9Pus8pPNL', '1lqGmKAtGz2YPvYVS0DkhH']
Hornet La Frappe	Sofiane	4	['6U0p0b3ma0MgBwNc8i26xw', '4EHF7Oci5NJSlL34iucGJd', '20b6XMR9nGmtzO8CJ89VIn', '0bZXIae48CY5UZ6MKuNutR']
21 Savage	Post Malone	4	['2U7Hu2RaNQNRi7izoJyZaX', '0e7ipj03S05BNilyu5bRzt', '1OmcAT5Y8eg5bUPv9qJT4R', '7wGoVu4Dady5GV0Sv4UIsx']
Post Malone	Swae Lee	3	['1A6OTy97kk0mMdm78rHsm8', '5VuxWXbt7XENQCtE9TzpTv', '3KkXRkHbMCARz0aVfEt68P']
Dj Leska	Vegedream	3	['19IXPRtUuKFwIqJSFPY8zz', '5Lh8rn501oEvsIJjPxNBhE', '6ariFR8E7Z4WhjS6riI1Yi']
Sofiane	Soolking	3	['196cSZjrDdgaJILT3cpfYl', '1GsAqsSOtQ0EWHm9E93eeD', '1HHsp5kLecAVxBtx0EStsT']
Maître Gims	Sofiane	3	['5kAo2XcHlt7x2eb8n42v1O', '5fuSDvNupEYnbjhZh8mQAq', '5dNqqkbIFBs8C3AcOdH7ov']
6ix9ine	Nicki Minaj	3	['1oJ8EDr2pv94IvSd6ZmDgo', '4QIyEq7TcTdAcxjI2AFlAK', '2E124GmJRnBJuXbTb4cPUB']
Hornet La Frappe	Ninho	3	['6U0p0b3ma0MgBwNc8i26xw', '1GOIfWQmA3Tp6GlwcCd35K', '0bZXIae48CY5UZ6MKuNutR']
Ninho	Sofiane	3	['1Fv767CH5YFrjo6HwzHnpR', '6U0p0b3ma0MgBwNc8i26xw', '0bZXIae48CY5UZ6MKuNutR']
Alonzo	Naps	3	['09hmx6pSWkUqb2dC9mpUoq', '0IyphZd1OKdse4IdjRSJsF', '62EcmivqkIJAVg99bZn3XW']
Mac Tyer	Sofiane	3	['0C3xPsZORqZuJ217WBN83M', '7a3bAVIQUT26MIdWSjHLec', '196cSZjrDdgaJILT3cpfYl']
Cardi B	Migos	3	['1YZfcVLbbJwfizR5cDOp3q', '2qcG0nZ6S3zZV0UrkY5nFo', '4wFjTWCunQFKtukqrNijEt']
Slimane	Vitaa	3	['6Xpz6pqDF5MwXN0gKKwv58', '1XcnxfOeLvLPGh2Drr2yNb', '4yjqpsuyrbjyXHB6rC0mWo']
Sofiane	Vald	3	['196cSZjrDdgaJILT3cpfYl', '6dotEcliwGD3yrJaUHO621', '2iVvukpWd7OX1n1LwUF5Rs']
Post Malone	Ty Dolla $ign	3	['7wrDRQgHlvDnimrRHfQZxt', '65NwOZqoXny4JxqAPlfxRF', '3swc6WTsr7rl9DqQKQA55C']
Kalash Criminel	Sofiane	3	['196cSZjrDdgaJILT3cpfYl', '4s7OqcUEyLJ1RkbzBopRGt', '0tTO8sPwWzlEh2CzUMFZE2']
Booba	Niska	3	['6T1ZfJ9Dg86lVcmVzPf4QE', '2r6C2IEw533mDs3sam5Zxx', '61TEjsLb7OlStCTpQfcHnC']
Diplo	LSD	3	['7boPPE857KEqCIHNwFkDop', '2c7GlMNmF7pbohjykutmLP', '5a8RPWgKSmcGBGcffmIrUi']
Diplo	Labrinth	3	['7boPPE857KEqCIHNwFkDop', '2c7GlMNmF7pbohjykutmLP', '5a8RPWgKSmcGBGcffmIrUi']
Diplo	Sia	3	['7boPPE857KEqCIHNwFkDop', '2c7GlMNmF7pbohjykutmLP', '5a8RPWgKSmcGBGcffmIrUi']
LSD	Labrinth	3	['7boPPE857KEqCIHNwFkDop', '2c7GlMNmF7pbohjykutmLP', '5a8RPWgKSmcGBGcffmIrUi']
LSD	Sia	3	['7boPPE857KEqCIHNwFkDop', '2c7GlMNmF7pbohjykutmLP', '5a8RPWgKSmcGBGcffmIrUi']
Labrinth	Sia	3	['7boPPE857KEqCIHNwFkDop', '2c7GlMNmF7pbohjykutmLP', '5a8RPWgKSmcGBGcffmIrUi']
Drake	Michael Jackson	2	['36ONiya0OANYknz0GgJmwB', '6G8kHiVZ1jW7vHMPVRNZU0']
Ninho	Rim'K	2	['6qk9lEM6UIxNbAuI0PpOLu', '2XESFfYekQ0mRau2GXjT3E']
Nicky Jam	Ozuna	2	['3V8UKqhEK5zBkBb6d6ub8i', '6JjPBQfI2Y8nIjnm65X6Pw']
El Profesor	HUGEL	2	['1MFSD0AkPk8Yq7TDEhrHcb', '2dQzfKRaMKUCQgMpOtpLTh']
Kaaris	Lartiste	2	['01jZO0m1WSPGXriODVKN3U', '47mLzPbWGQgUoX6OuVxZZY']
Charlie Puth	Kehlani	2	['76S09sHj7GGMJAtOLjmVQ2', '1lsBTdE6MGsKeZCD6llNu7']
J Balvin	Willy William	2	['7fwXWKdDNI5IutOMc5OKYw', '2rb5MvYT7ZIxbKW5hfcHx8']
Jul	Marwa Loud	2	['6avKXR7VkJPrmMSEwxFfuR', '16pMGll7Ngwq32CrLEMyxa']
Lorenzo	Vald	2	['6aXg1PPha0HbGxR53e9jh1', '4YKqj8VsrWVjvuwuellcY7']
4Keus	Sidiki Diabaté	2	['6wmdBtN07tomz7qkeE0Pqe', '1oXlzs29ix0uXrQ9JZ62UU']
Dadju	Niska	2	['64qdods9r5p6wovmRZdyg3', '40gyeYU1e0NCe12fQn4ak1']
Ina Wroldsen	Jax Jones	2	['0KsB4TwgATg88aXCMBoO3Y', '6tvQzeCPwOytDlBYCIOY0n']
Travis Barker	XXXTENTACION	2	['4zI04ezdmrN0lT2pHykYrd', '0T6RSXxFhW8dRTWHI604ld']
Damso	Kalash	2	['1vVZLmZq8gN8pPCEBLjPvD', '7LDq2cE0TQV66BXorbV8FD']
Dadju	MHD	2	['2sjJrFhDT0oP3fyCocTVyX', '6jQkGzbdspfj03KN5Xw4XS']
Bigflo & Oli	Guizmo	2	['1Ei9QMQqCOorYnFoyI6ouN', '3SBaOKZbHxGGLiAjOfQri2']
Booba	Maes	2	['4miiqu2dxOhBguQDHtqssH', '6cKj3bzvVrOQtPfGhcKlRt']
David Guetta	Martin Garrix	2	['0OlnLZY4cmQzT6ZGttvWBM', '6RnkFd8Fqqgk1Uni8RgqCQ']
Sadek	Sofiane	2	['6ZnTOZiXyj7DWIkBNmtEST', '196cSZjrDdgaJILT3cpfYl']
Booba	Dosseh	2	['63z6p4gpgnpZprANkpBIHH', '3sIe127CTS2vqjtrSoBYQT']
Maître Gims	Orelsan	2	['1mfW6qQrlCPjzF7zXYtRsO', '0VhkA3NAwIFfVW4NFCbAOD']
Chris Stapleton	Justin Timberlake	2	['1LhMopPAallLeaeNutqbgS', '09ts3GnICqYEU5PkQCpJK3']
Dosseh	Lacrim	2	['140MOeqKlipMQmfmOC73tw', '2pqSVtFHtByxJuRWTJ0x06']
Damso	Orelsan	2	['7lhuM9WUqdThw72dCBRmQW', '0DXytBddBKZYbfDMP4X0kc']
Ninho	Yaro	2	['46ZOMbOANX8TlyEamO31MJ', '03O32oEi0jJsbmcHMjCPBD']
Angèle	Roméo Elvis	2	['1FA2zEZrny0KWchhx8CaHt', '06O3hxudc6V0BOuoCFSy71']
Alonzo	Naza	2	['6jQkGzbdspfj03KN5Xw4XS', '4bPAybkhQ3RiHizN6OPhIG']
Becky G	David Guetta	2	['3soOPBuMK8YMdWnV7xpEyf', '4dSoDnmR9opAQ8KxUc9SbC']
Becky G	Sean Paul	2	['3soOPBuMK8YMdWnV7xpEyf', '4dSoDnmR9opAQ8KxUc9SbC']
David Guetta	Sean Paul	2	['3soOPBuMK8YMdWnV7xpEyf', '4dSoDnmR9opAQ8KxUc9SbC']
Lost Frequencies	Zonderling	2	['1ZtEZjYb4e0V0gqwRYeeAY', '2hqy4QmpvMeVz6zeolDeLQ']
Bigflo & Oli	Petit Biscuit	2	['1952SQ7t45GNIkXOXHxHCl', '79m95shJaTK0aSogeQQTyD']
MHD	WizKid	2	['0SJRHDAStlsrXIXeFZZStK', '0O4XHiuVt3dBaOzSI49BtF']
6ix9ine	Murda Beatz	2	['2E124GmJRnBJuXbTb4cPUB', '4QIyEq7TcTdAcxjI2AFlAK']
Murda Beatz	Nicki Minaj	2	['2E124GmJRnBJuXbTb4cPUB', '4QIyEq7TcTdAcxjI2AFlAK']
Alonzo	Jul	2	['0s3AaE6bmu6V9TEUPPdWor', '2jKp7ANX1w8h5xiuxkqQqZ']
Jul	Moubarak	2	['2h5QtXSpi2Dg3G0imZESmv', '4yMEImCQkSAydckSKKBud7']
Cardi B	Maroon 5	2	['6FRLCMO5TUHTexlWo8ym1W', '7fa9MBXhVfQ8P8Df9OEbD8']
6ix9ine	Anuel AA	2	['0LQ1J0BCzA2qnAgp9MkkNE', '7ATATJztoWLcqDAcVVof0C']
Grey	Maren Morris	2	['09IStsImFySgyp0pIQdqAc', '2ARqIya5NAuvFVHSN3bL0m']
Grey	Zedd	2	['09IStsImFySgyp0pIQdqAc', '2ARqIya5NAuvFVHSN3bL0m']
Maren Morris	Zedd	2	['09IStsImFySgyp0pIQdqAc', '2ARqIya5NAuvFVHSN3bL0m']
Ninho	YL	2	['4WlhkB8IhnO2Ovqv3tWrHa', '3dQ1dbZKG7njiJ4cnXwEJk']
Kanye West	PARTYNEXTDOOR	2	['6Bg7MznA9X0dIhlAsLyBYj', '3dG6tjetoR4GMmUGZUprLt']
Brando	Loud Luxury	2	['7K7MUBCnzgBAvMVW2RTWNs', '43V1z6QToNNWNldV4FEG6r']
Alonzo	Dadju	2	['4z0IXsydGE0IpQnO2uOlKU', '6jQkGzbdspfj03KN5Xw4XS']
Gesaffelstein	The Weeknd	2	['13wNEvWmBsWaWVtiLPRIW5', '56d6kYZhfhzpoC3s1dRU2V']
Kaaris	Mac Tyer	2	['0C3xPsZORqZuJ217WBN83M', '7a3bAVIQUT26MIdWSjHLec']
Benash	Damso	2	['1qZ2qGQoyrbyD6H33a1Lyi', '6xcXAVbDuVT1pCsa2rmDHY']
Benash	Siboy	2	['1qZ2qGQoyrbyD6H33a1Lyi', '6xcXAVbDuVT1pCsa2rmDHY']
Damso	Siboy	2	['1qZ2qGQoyrbyD6H33a1Lyi', '6xcXAVbDuVT1pCsa2rmDHY']
Lefa	Orelsan	2	['2QWl654rJmRbBcIidq45Vr', '0rs6jxe3647mGSc7l18Cq8']
Camila Cabello	Young Thug	2	['1rfofaqEpACxVEHIZBJe6W', '0ofbQMrRDsUaVKq2mGLEAb']
Jul	Soolking	2	['5rFBTatsGB4zKI1xg5hReV', '3yjw9FaareXd2SSUYfuGbu']
Chaman	Columbine	2	['1icidgr9oPc9EfCge3f4yd', '7jUjpnMND7rjZmwbEK4ypv']
Chaman	Lujipeka	2	['1icidgr9oPc9EfCge3f4yd', '7jUjpnMND7rjZmwbEK4ypv']
Kalash Criminel	Soolking	2	['2YvD8U3P498R52rOGsdC21', '196cSZjrDdgaJILT3cpfYl']
Jack & Jack	Jonas Blue	2	['3KLygy1YWhmrQx0GRs7IOx', '3u1S1OmAUhx5DRlLrXqyp3']
Gringe	Orelsan	2	['538x2M5meRmjYUFGvMepEl', '0sMzxVIRUbQBtOPTCBITUS']
Suikon Blaz AD	Vald	2	['2wtZXwhQzaHOf0jLFzHMr4', '0sMzxVIRUbQBtOPTCBITUS']
Cardi B	Nicki Minaj	2	['1YZfcVLbbJwfizR5cDOp3q', '4wFjTWCunQFKtukqrNijEt']
Migos	Nicki Minaj	2	['1YZfcVLbbJwfizR5cDOp3q', '4wFjTWCunQFKtukqrNijEt']
4Keus	DJ Babs	2	['5pIo87IJw1JsyLqF0ETO6q', '11isH5A99DyVhzRHoZcIHz']
Charles Vicomte	Lorenzo	2	['69JHAPR7gGEKt8dgBmxUuB', '4N9AI7jXlcF0Hn4LSDbDbJ']
Imagine Dragons	Kygo	2	['4M3FO0ji6Lc8vwD1sgf1nc', '0kHyKhJMukHEPfeh8s7rdM']
KeBlack	Naza	2	['4cLUMQU9692pF1UUY6B0Po', '3fsxaVOcdrxun6islmsklq']
Heuss L'enfoiré	Sadek	2	['196cSZjrDdgaJILT3cpfYl', '5AANXJZRvqxAKALntgTEhj']
David Guetta	Sia	2	['66BjcDhhwWCcQIBxHMpKXh', '33IOhptvC2Qoy2UhjiHXLV']
Lil Peep	XXXTENTACION	2	['4jvjzW7Hm0yK4LvvE0Paz9', '0Dn40gxVCMo5TkgS8Ik18Q']
J Balvin	Nicky Jam	2	['39N9RPD9MRb5WmoLzNzPeA', '6JjPBQfI2Y8nIjnm65X6Pw']
Haristone	Still Fresh	2	['3Jmcl5PTs5IdI3zsZoGKk2', '3QYrzT43AwLCiah1df6new']
Soolking	YL	2	['0aR8iok08y8948sRvE0mv2', '4XkeMvQuwKWMrXu0iy54sF']
Dadju	Franglish	2	['14hLSMLJ86sHRklJ62tH58', '51PPDB9v8QOMkiUe06eYfc']
Anne-Marie	David Guetta	2	['2zy9TMoZlYGuCNY4TLqG24', '2lYTJK94hb0fd1LQtb6Dhk']
Niska	Soprano	2	['0I9y4Q5xVbpU6weZB1G27M', '1ALK7oqxMr5yonp9ZfTWH5']
Maître Gims	Vianney	2	['7HK0UeyxUWJjc6ndRZVKFg', '7D9rSbEPwhcwNXqSOohlNO']
Kaaris	Kalash Criminel	2	['4s7OqcUEyLJ1RkbzBopRGt', '0tTO8sPwWzlEh2CzUMFZE2']
Khalid	Shawn Mendes	2	['5SwEgzUFDHwpWHKrbnP32Z', '3Wf2YGdYT8xVdNsQSoRKk9']
Lomepal	Roméo Elvis	2	['4lzjE9GlGamkuYqQBfCY8R', '6l7PqWKsgm4NLomOE7Veou']
Hayko	Maître Gims	2	['3u3kWFntWbm4YrO5384wqF', '2Qk8dVhZgVpAftReOcXM2I']
Hayko	Super Sako	2	['3u3kWFntWbm4YrO5384wqF', '2Qk8dVhZgVpAftReOcXM2I']
Maître Gims	Super Sako	2	['3u3kWFntWbm4YrO5384wqF', '2Qk8dVhZgVpAftReOcXM2I']
Leto	Ninho	2	['0hKRZ9BVMCgrCoqSTGo1ZI', '5tQbBkSMlwV6IqoM0sNFtl']
Ariana Grande	Nicki Minaj	2	['1ZEm9cJC05rawV2tptNfTS', '3L4GsGLgxpHieVQH86H8bv']
Halsey	Khalid	2	['7FGq80cy8juXBCD2nrqdWU', '0d2iYfpKoM0QCKvcLCkBao']
Halsey	benny blanco	2	['7FGq80cy8juXBCD2nrqdWU', '0d2iYfpKoM0QCKvcLCkBao']
Khalid	benny blanco	2	['7FGq80cy8juXBCD2nrqdWU', '0d2iYfpKoM0QCKvcLCkBao']
Clean Bandit	Demi Lovato	2	['6kPJZM97LwdG9QIsT7khp6', '3NuK5xMlSlB6K2Qp16zf3h']
Eminem	Jessie Reyez	2	['4g32MdRoqwGKQd3NXIRhpU', '09FfQO3PqHO4HIJL511Ksi']
Kalash Criminel	Vald	2	['196cSZjrDdgaJILT3cpfYl', '1cEjYVGH1aOcQ6trfBY3rJ']
Heuss L'enfoiré	Vald	2	['196cSZjrDdgaJILT3cpfYl', '1BTbYlGVDXdj7EJKarrYV9']
Kodak Black	Offset	2	['0FZ4Dmg8jJJAPJnvBIzD9z', '7l3E7lcozEodtVsSTCkcaA']
Kodak Black	Travis Scott	2	['0FZ4Dmg8jJJAPJnvBIzD9z', '7l3E7lcozEodtVsSTCkcaA']
Offset	Travis Scott	2	['0FZ4Dmg8jJJAPJnvBIzD9z', '7l3E7lcozEodtVsSTCkcaA']
Heuss L'enfoiré	Sofiane	2	['76ZPvznTTFBjhLTEJNzAo1', '196cSZjrDdgaJILT3cpfYl']
Daddy Yankee	Luis Fonsi	2	['5CtI0qwDJkDQGwXD1H1cLb', '4aWmUDTfIPGksMNLV2rQP2']
Lil Wayne	Maître Gims	1	['3jd8nno96vzqVhBtNfjahA']
Drew Love	The Chainsmokers	1	['3pWcj8hxj3fsb9TDAcMpEl']
6ix9ine	A Boogie Wit da Hoodie	1	['6o79O9qBP3OAkWOXajAQIS']
Khalid	Normani	1	['45Egmo7icyopuzJN0oMEdk']
Becky G	Natti Natasha	1	['2ijef6ni2amuunRoKTlgww']
Bad Bunny	Casper Magico	1	['3V8UKqhEK5zBkBb6d6ub8i']
Bad Bunny	Darell	1	['3V8UKqhEK5zBkBb6d6ub8i']
Bad Bunny	Nicky Jam	1	['3V8UKqhEK5zBkBb6d6ub8i']
Bad Bunny	Nio Garcia	1	['3V8UKqhEK5zBkBb6d6ub8i']
Bad Bunny	Ozuna	1	['3V8UKqhEK5zBkBb6d6ub8i']
Casper Magico	Darell	1	['3V8UKqhEK5zBkBb6d6ub8i']
Casper Magico	Nicky Jam	1	['3V8UKqhEK5zBkBb6d6ub8i']
Casper Magico	Nio Garcia	1	['3V8UKqhEK5zBkBb6d6ub8i']
Casper Magico	Ozuna	1	['3V8UKqhEK5zBkBb6d6ub8i']
Darell	Nicky Jam	1	['3V8UKqhEK5zBkBb6d6ub8i']
Darell	Nio Garcia	1	['3V8UKqhEK5zBkBb6d6ub8i']
Darell	Ozuna	1	['3V8UKqhEK5zBkBb6d6ub8i']
Nicky Jam	Nio Garcia	1	['3V8UKqhEK5zBkBb6d6ub8i']
Nio Garcia	Ozuna	1	['3V8UKqhEK5zBkBb6d6ub8i']
Ninho	Sadek	1	['37YNulvDhyzULfhHycmhEl']
Dinos	Ixzo	1	['6wElZ98d8F6uYofJEugfiv']
Dinos	Sadek	1	['6wElZ98d8F6uYofJEugfiv']
Ixzo	Sadek	1	['6wElZ98d8F6uYofJEugfiv']
Lartiste	Sofiane	1	['47mLzPbWGQgUoX6OuVxZZY']
Laguardia	Marwa Loud	1	['5gWM3fsLeH7YaCak4xHNPZ']
MHD	Major Lazer	1	['1dY8yRtgYVMU2tsG693e2z']
4Keus Gang	Doks	1	['3QfP9OWKwoCKO9d0iv5W6I']
Jul	YL	1	['2th4DBjJbyianoijGyOY3N']
Nekfeu	Ninho	1	['3ldfGgw7IoLHbaqmspX3ME']
Niro	Sofiane	1	['1p2CteXHs4Jn1TvKAnGQMj']
Niro	YL	1	['1p2CteXHs4Jn1TvKAnGQMj']
Sofiane	YL	1	['1p2CteXHs4Jn1TvKAnGQMj']
Alonzo	Rim'K	1	['1aJQFFIDtH2ZIHxBV5SWdV']
Kofs	SCH	1	['3orK6d2Ti02Txlrz45KbDu']
Daft Punk	The Weeknd	1	['5GXAXm5YOmYT0kL5jHvYBt']
Beyoncé	J Balvin	1	['7fwXWKdDNI5IutOMc5OKYw']
Beyoncé	Willy William	1	['7fwXWKdDNI5IutOMc5OKYw']
Future	James Blake	1	['51rXHuKN8Loc4sUlKPODgH']
Future	Jay Rock	1	['51rXHuKN8Loc4sUlKPODgH']
Future	Kendrick Lamar	1	['51rXHuKN8Loc4sUlKPODgH']
James Blake	Jay Rock	1	['51rXHuKN8Loc4sUlKPODgH']
James Blake	Kendrick Lamar	1	['51rXHuKN8Loc4sUlKPODgH']
Jay Rock	Kendrick Lamar	1	['51rXHuKN8Loc4sUlKPODgH']
David Guetta	Showtek	1	['0tgbSxoFjZ20MjfoKwWevV']
Justin Jesso	Kygo	1	['0Zbbxnx4SGGHoIow4PpISP']
Maluma	Shakira	1	['7DrluKkTviBwCc8AV3VGmf']
A$AP Rocky	Cardi B	1	['2DQ1ITjI0YoLFzuADN1ZBW']
A$AP Rocky	G-Eazy	1	['2DQ1ITjI0YoLFzuADN1ZBW']
Cardi B	G-Eazy	1	['2DQ1ITjI0YoLFzuADN1ZBW']
HUGEL	Robin Schulz	1	['2i3WO0WkrlnrA1I4GdUmxh']
Bolémvn	Koba LaD	1	['27ttKRZGALgDyoFCxzxNP0']
Bolémvn	Mafia Spartiate	1	['27ttKRZGALgDyoFCxzxNP0']
Koba LaD	Mafia Spartiate	1	['27ttKRZGALgDyoFCxzxNP0']
Marshmello	Selena Gomez	1	['7EmGUiUaOSGDnUUQUDrOXC']
G-Eazy	Halsey	1	['5k38wzpLb15YgncyWdTZE4']
DJ Snake	Major Lazer	1	['4WjH9Bzt3kx7z8kl0awxh4']
DJ Snake	MØ	1	['4WjH9Bzt3kx7z8kl0awxh4']
Major Lazer	MØ	1	['4WjH9Bzt3kx7z8kl0awxh4']
Lomepal	Orelsan	1	['1H0OfL0clmcI1odODWD2DS']
Ninho	SCH	1	['0ZKi6Khl1E9EoOQadSXN5m']
Lefa	Lomepal	1	['00YUNap0MFncqzzuvwzUlS']
Khalid	Marshmello	1	['7vGuf3Y35N4wmASOKLUVVU']
Kofs	Sadek	1	['5UeVzcLrEl5aGutOBXKSUT']
Lomepal	Philippe Katerine	1	['2XoDYzILTT7ykcHDvOLp1j']
Khalid	Martin Garrix	1	['3nc420PXjTdBV5TN0gCFkS']
Cecilia Krull	Gavin Moss	1	['5ljDRYaFEZy9INmM8Fl81e']
Jul	Shay	1	['6OZ0yjdc8QQPxnQ2T6lGlg']
Maroon 5	SZA	1	['3hBBKuWJfxlIlnd9QFoC8k']
MHD	Sadek	1	['37kxky5wWxPmy4gwNmZpsj']
Brooks	David Guetta	1	['6RnkFd8Fqqgk1Uni8RgqCQ']
Brooks	Martin Garrix	1	['6RnkFd8Fqqgk1Uni8RgqCQ']
Drake	Lil Baby	1	['6vN77lE9LK6HP2DewaN6HZ']
H Magnum	Maître Gims	1	['1mfW6qQrlCPjzF7zXYtRsO']
H Magnum	Orelsan	1	['1mfW6qQrlCPjzF7zXYtRsO']
Heuss L'enfoiré	Hornet La Frappe	1	['6goHH5bPPiSkrA45xFFrIP']
DJ Snake	Lauv	1	['0Wv5wuenRLI3BcwgT3HPIP']
Foda C	Lorenzo	1	['3z8SyZeXlCd9YX6HpkgxQT']
Lorenzo	Lujipeka	1	['3z8SyZeXlCd9YX6HpkgxQT']
Abou Debeing	Dadju	1	['3rSi8CHHz7V96AwRQbbjf6']
Afrojack	Charli XCX	1	['0tPQPaOKM32WgMSbPCYyRH']
Afrojack	David Guetta	1	['0tPQPaOKM32WgMSbPCYyRH']
Afrojack	French Montana	1	['0tPQPaOKM32WgMSbPCYyRH']
Charli XCX	David Guetta	1	['0tPQPaOKM32WgMSbPCYyRH']
Charli XCX	French Montana	1	['0tPQPaOKM32WgMSbPCYyRH']
David Guetta	French Montana	1	['0tPQPaOKM32WgMSbPCYyRH']
4Keus	Leto	1	['7Isip4YETg5AfwAOGbpnGV']
Lil Wayne	XXXTENTACION	1	['5BQrp63SHCVf4bzCzJePne']
Bad Bunny	Drake	1	['116H0KvKr2Zl4RPuVBruDO']
Haute	S.Pri Noir	1	['4Sdq9PV5f72L7nWjQUNmFs']
Diamond Deuklo	Gringe	1	['0frworXu7vhFVB0r7mIRdI']
DJ Pone	Gringe	1	['4A6A5FnffPS7W5MuIUf6wi']
Era Istrefi	Nicky Jam	1	['4DnHUy01jEA4b5ydC3HgsT']
Era Istrefi	Will Smith	1	['4DnHUy01jEA4b5ydC3HgsT']
Nicky Jam	Will Smith	1	['4DnHUy01jEA4b5ydC3HgsT']
Nicki Minaj	Post Malone	1	['6IaieqiCVvsNvEt6Y7yOFa']
Medine	Soolking	1	['0iAcoC9EdTtI32Ae4gOHUd']
Nick Waterhouse	Ofenbach	1	['2NF8A7C6tICScdRaZ0BrEe']
Douma	Kalash Criminel	1	['2WTix1GCovUGIrX0H7d8lG']
Angèle	Le Motel	1	['1FA2zEZrny0KWchhx8CaHt']
4Keus Gang	Ninho	1	['3Dr23qFJG0sm2hkA3cN2z3']
GOLDN	Kungs	1	['6Yk4HTvs1Ww41l4c7iyBlH']
GOLDN	Stargate	1	['6Yk4HTvs1Ww41l4c7iyBlH']
Kungs	Stargate	1	['6Yk4HTvs1Ww41l4c7iyBlH']
Brvbus	GS CLAN	1	['6nRpvxIPAI0Kgc20QfQVMn']
Brvbus	Kalash Criminel	1	['6nRpvxIPAI0Kgc20QfQVMn']
Brvbus	Kosi	1	['6nRpvxIPAI0Kgc20QfQVMn']
GS CLAN	Kalash Criminel	1	['6nRpvxIPAI0Kgc20QfQVMn']
GS CLAN	Kosi	1	['6nRpvxIPAI0Kgc20QfQVMn']
Kalash Criminel	Kosi	1	['6nRpvxIPAI0Kgc20QfQVMn']
Eminem	"Royce Da 5'9"""	1	['28FGV3ORH14MYORd7s5dlU']
Bebe Rexha	Machine Gun Kelly	1	['0OI7AFifLSoGzpb8bdBLLV']
Bebe Rexha	X Ambassadors	1	['0OI7AFifLSoGzpb8bdBLLV']
Machine Gun Kelly	X Ambassadors	1	['0OI7AFifLSoGzpb8bdBLLV']
Kanye West	Lil Pump	1	['4S8d14HvHb70ImctNgVzQQ']
Gucci Mane	Migos	1	['35ffVv9x4mtzBh5rF1K9sP']
Macklemore	Skylar Grey	1	['0CokSRCu5hZgPxcZBaEzVE']
A$AP Rocky	Skepta	1	['7ycWLEP1GsNjVvcjawXz3z']
Lacrim	Sofiane	1	['1HHsp5kLecAVxBtx0EStsT']
Lacrim	Soolking	1	['1HHsp5kLecAVxBtx0EStsT']
Dynoro	Gigi D'Agostino	1	['0E9ZjEAyAwOXZ7wJC0PD33']
2 Chainz	Saudi	1	['4LmAnpjlhWTahvRkYR8xJa']
2 Chainz	ScHoolboy Q	1	['4LmAnpjlhWTahvRkYR8xJa']
Saudi	ScHoolboy Q	1	['4LmAnpjlhWTahvRkYR8xJa']
Coldplay	The Chainsmokers	1	['6RUKPb4LETWmmr3iAEQktW']
Timal	YL	1	['75fW6OzgI0tLYCIw7YaKHT']
Fianso	Jul	1	['0gpZwVDOcUiyZ0C4rJbzWt']
PLK	SCH	1	['7Fe8MO5HKHfKiWo7I0XtVr']
Dinos	Hornet La Frappe	1	['20b6XMR9nGmtzO8CJ89VIn']
Dinos	Sofiane	1	['20b6XMR9nGmtzO8CJ89VIn']
21 Savage	Cardi B	1	['75FDPwaULRdYDn4StFN2rT']
Nekfeu	PLK	1	['6JtIPRPfMx1XA7OHAYpZIf']
Foster The People	Stereotypes	1	['4v0CuFW0bEMBQ1gRn2mB3X']
Sofiane	Suprême NTM	1	['42Xesu4U4nM3CCjMk5X3kM']
Keala Settle	The Greatest Showman Ensemble	1	['2xGjteMU3E1tkEPVFBO08U']
Dosseh	Sadek	1	['5fHKAlIbe8Rvtf1LabHJSr']
Booba	Damso	1	['6xqAP7kpdgCy8lERQHh29c']
Gambino	Jul	1	['2h5QtXSpi2Dg3G0imZESmv']
Gambino	Metah	1	['2h5QtXSpi2Dg3G0imZESmv']
Gambino	Miklo	1	['2h5QtXSpi2Dg3G0imZESmv']
Gambino	Moubarak	1	['2h5QtXSpi2Dg3G0imZESmv']
Gambino	Oscar	1	['2h5QtXSpi2Dg3G0imZESmv']
Gambino	TK	1	['2h5QtXSpi2Dg3G0imZESmv']
Gambino	Zackmess	1	['2h5QtXSpi2Dg3G0imZESmv']
Jul	Metah	1	['2h5QtXSpi2Dg3G0imZESmv']
Jul	Miklo	1	['2h5QtXSpi2Dg3G0imZESmv']
Jul	Oscar	1	['2h5QtXSpi2Dg3G0imZESmv']
Jul	TK	1	['2h5QtXSpi2Dg3G0imZESmv']
Jul	Zackmess	1	['2h5QtXSpi2Dg3G0imZESmv']
Metah	Miklo	1	['2h5QtXSpi2Dg3G0imZESmv']
Metah	Moubarak	1	['2h5QtXSpi2Dg3G0imZESmv']
Metah	Oscar	1	['2h5QtXSpi2Dg3G0imZESmv']
Metah	TK	1	['2h5QtXSpi2Dg3G0imZESmv']
Metah	Zackmess	1	['2h5QtXSpi2Dg3G0imZESmv']
Miklo	Moubarak	1	['2h5QtXSpi2Dg3G0imZESmv']
Miklo	Oscar	1	['2h5QtXSpi2Dg3G0imZESmv']
Miklo	TK	1	['2h5QtXSpi2Dg3G0imZESmv']
Miklo	Zackmess	1	['2h5QtXSpi2Dg3G0imZESmv']
Moubarak	Oscar	1	['2h5QtXSpi2Dg3G0imZESmv']
Moubarak	TK	1	['2h5QtXSpi2Dg3G0imZESmv']
Moubarak	Zackmess	1	['2h5QtXSpi2Dg3G0imZESmv']
Oscar	TK	1	['2h5QtXSpi2Dg3G0imZESmv']
Oscar	Zackmess	1	['2h5QtXSpi2Dg3G0imZESmv']
TK	Zackmess	1	['2h5QtXSpi2Dg3G0imZESmv']
DA Uzi	Don Milli	1	['19PeSMZDNa5O9JdY46MnM8']
DA Uzi	Lartiste	1	['19PeSMZDNa5O9JdY46MnM8']
Don Milli	Lartiste	1	['19PeSMZDNa5O9JdY46MnM8']
Caroliina	Lartiste	1	['0WxiQqTcK3ZErx2mMWgtm6']
MHD	Orelsan	1	['6wrJfHBRAz0Xl61SIs0kid']
Sirius	Vald	1	['3x3WVsoplPxOrzNrmQEIWM']
Avicii	Rita Ora	1	['2OALaHcDdKkjYEpAr0Qzab']
Naps	Soolking	1	['1xZA0qvWfCcsNlzZXmCnJh']
Chawki	Magic System	1	['3s6ltUrI93LBKU8taezsLn']
Hornet La Frappe	Vald	1	['2bXZtkOqVVlSt1lpzV9jRv']
Kygo	Miguel	1	['6xTU6B6nFwKKTSZ9ySXS80']
Hooss	Hornet La Frappe	1	['5n96k0pxTf6VbtAIntSmhK']
Maan On The Moon	Marvin Brooks	1	['2W5cX1DB5dTJm9zM4GNU6j']
Booba	Bramsito	1	['7oxSh7uiB74lWGVIv2Qtlm']
David Guetta	Jamie Scott	1	['0OlnLZY4cmQzT6ZGttvWBM']
David Guetta	Romy Dya	1	['0OlnLZY4cmQzT6ZGttvWBM']
Jamie Scott	Martin Garrix	1	['0OlnLZY4cmQzT6ZGttvWBM']
Jamie Scott	Romy Dya	1	['0OlnLZY4cmQzT6ZGttvWBM']
Martin Garrix	Romy Dya	1	['0OlnLZY4cmQzT6ZGttvWBM']
MHD	Stefflon Don	1	['7xbC2ckCDoJfkVmjCdpMjB']
Bakyl	Sofiane	1	['2b9m3kmr9VbGOMeWP711ZL']
Elley Duhé	Zedd	1	['4keoy2fqgwGnbWlm3ZVZFa']
ALMA	Martin Solveig	1	['3aLSrx8qhssXrh5yjB6oy9']
Jax Jones	RAYE	1	['00lNx0OcTJrS3MKHcB80HY']
Alonzo	YL	1	['6kMAQtJb5Azsqvcr5q22EC']
Alonzo	L'Algérino	1	['0IyphZd1OKdse4IdjRSJsF']
Alonzo	Soprano	1	['0IyphZd1OKdse4IdjRSJsF']
L'Algérino	Naps	1	['0IyphZd1OKdse4IdjRSJsF']
L'Algérino	Soprano	1	['0IyphZd1OKdse4IdjRSJsF']
Naps	Soprano	1	['0IyphZd1OKdse4IdjRSJsF']
Alonzo	MHD	1	['6jQkGzbdspfj03KN5Xw4XS']
Alonzo	Vegedream	1	['6jQkGzbdspfj03KN5Xw4XS']
Dadju	Naza	1	['6jQkGzbdspfj03KN5Xw4XS']
Dadju	Vegedream	1	['6jQkGzbdspfj03KN5Xw4XS']
MHD	Naza	1	['6jQkGzbdspfj03KN5Xw4XS']
MHD	Vegedream	1	['6jQkGzbdspfj03KN5Xw4XS']
Naza	Vegedream	1	['6jQkGzbdspfj03KN5Xw4XS']
Nemir	S.Pri Noir	1	['3VMTLhM0c4vhX5w09ACqq7']
Jul	Landy	1	['2788CIeffyKCPdB3pwkJ5n']
Awa Imani	Lartiste	1	['4fwtP5khM1iEoa6BP1QQsX']
21 Savage	Migos	1	['4BHzHISX21PYwGXiBEUQ70']
Kalash	Niska	1	['2bN31IEckRU6jEj416ABvc']
Naza	Ohmondieusalva	1	['0wSze2iSowjbw8gZfB6JBu']
Andrez Babii	Judah	1	['14boA065HMHWvqyPPEeN4y']
Andrez Babii	Rio Santana	1	['14boA065HMHWvqyPPEeN4y']
Andrez Babii	XXXTENTACION	1	['14boA065HMHWvqyPPEeN4y']
Judah	Rio Santana	1	['14boA065HMHWvqyPPEeN4y']
Judah	XXXTENTACION	1	['14boA065HMHWvqyPPEeN4y']
Rio Santana	XXXTENTACION	1	['14boA065HMHWvqyPPEeN4y']
Grems	Le Motel	1	['7HGTYcZtkKPWbMxR3eXhBc']
Grems	Roméo Elvis	1	['7HGTYcZtkKPWbMxR3eXhBc']
PnB Rock	XXXTENTACION	1	['6rAGFgcGtlIdYxlhDizXNo']
L'Algérino	Soolking	1	['5SUDrRmsOCBVIJn6c9txpk']
Gringe	Nemir	1	['5WMsdfplLLGuHfXrmawWa2']
Diva Faune	Léa Paci	1	['6Bw6NXAODvyJiNraHlG91Z']
Diplo	Dua Lipa	1	['5N4erncE7kuUccm7zEmwzk']
Diplo	Mark Ronson	1	['5N4erncE7kuUccm7zEmwzk']
Diplo	Silk City	1	['5N4erncE7kuUccm7zEmwzk']
Dua Lipa	Mark Ronson	1	['5N4erncE7kuUccm7zEmwzk']
Dua Lipa	Silk City	1	['5N4erncE7kuUccm7zEmwzk']
Mark Ronson	Silk City	1	['5N4erncE7kuUccm7zEmwzk']
French Montana	Stefflon Don	1	['2VoJe7vkKkigs7C3CGnSXL']
Beyoncé	Ed Sheeran	1	['1bhUWB0zJMIKr9yVPrkEuI']
Joey Bada$$	XXXTENTACION	1	['7J2gyNghNTzl4EsLhXp01Q']
Bad Bunny	Cardi B	1	['58q2HKrzhC3ozto2nDdN4z']
Bad Bunny	J Balvin	1	['58q2HKrzhC3ozto2nDdN4z']
Cardi B	J Balvin	1	['58q2HKrzhC3ozto2nDdN4z']
Bamby	Jahyanai King	1	['426xUFAn2XkTYBNKc0KzhC']
Franglish	KeBlack	1	['3FHYEkTfv2qsUp5FvhJ6cz']
Bigflo & Oli	Kacem Wapalek	1	['3EiFqJt8TE6EX7mML8cTyu']
Bigflo & Oli	Naâman	1	['3EiFqJt8TE6EX7mML8cTyu']
Kacem Wapalek	Naâman	1	['3EiFqJt8TE6EX7mML8cTyu']
Kesha	Macklemore	1	['2Za1AlJNvksouPPWbXpR2X']
Gringe	Suikon Blaz AD	1	['0sMzxVIRUbQBtOPTCBITUS']
Gringe	Vald	1	['0sMzxVIRUbQBtOPTCBITUS']
Orelsan	Suikon Blaz AD	1	['0sMzxVIRUbQBtOPTCBITUS']
Orelsan	Vald	1	['0sMzxVIRUbQBtOPTCBITUS']
Big Sean	Migos	1	['2KokOIKdw4zZutDil85Ugh']
Big Sean	Travis Scott	1	['2KokOIKdw4zZutDil85Ugh']
Big Sean	Ty Dolla $ign	1	['2KokOIKdw4zZutDil85Ugh']
Migos	Travis Scott	1	['2KokOIKdw4zZutDil85Ugh']
Migos	Ty Dolla $ign	1	['2KokOIKdw4zZutDil85Ugh']
Travis Scott	Ty Dolla $ign	1	['2KokOIKdw4zZutDil85Ugh']
Bonn	Martin Garrix	1	['4ut5G4rgB1ClpMTMfjoIuy']
Dadju	Kalash	1	['5fV300HQSBu28AZQ4QJZkL']
Dj Mc Fly	Kaaris	1	['01jZO0m1WSPGXriODVKN3U']
Dj Mc Fly	Lartiste	1	['01jZO0m1WSPGXriODVKN3U']
Dadju	Naestro	1	['1XcnxfOeLvLPGh2Drr2yNb']
Dadju	Slimane	1	['1XcnxfOeLvLPGh2Drr2yNb']
Dadju	Vitaa	1	['1XcnxfOeLvLPGh2Drr2yNb']
Maître Gims	Naestro	1	['1XcnxfOeLvLPGh2Drr2yNb']
Maître Gims	Slimane	1	['1XcnxfOeLvLPGh2Drr2yNb']
Maître Gims	Vitaa	1	['1XcnxfOeLvLPGh2Drr2yNb']
Naestro	Slimane	1	['1XcnxfOeLvLPGh2Drr2yNb']
Naestro	Vitaa	1	['1XcnxfOeLvLPGh2Drr2yNb']
Kanye West	Lil Uzi Vert	1	['3DoBTwfr8yi2LN08SBpFkN']
Kanye West	Travis Scott	1	['3DoBTwfr8yi2LN08SBpFkN']
Lil Uzi Vert	Travis Scott	1	['3DoBTwfr8yi2LN08SBpFkN']
Messao	Naps	1	['4JKsM1eDjd9TYbMso0woIN']
Lacrim	Ninho	1	['5HrXDe1X7CmcrAImUTfBnv']
B. Swanson Quartet	Frank Sinatra	1	['7inXu0Eaeg02VsM8kHNvzM']
David Bowie	Queen	1	['2fuCquhmrzHpu5xcA1ci9x']
Fianso	Le Rat Luciano	1	['6aDo7knzbkZngdREwwMkad']
Fianso	Naps	1	['6aDo7knzbkZngdREwwMkad']
Le Rat Luciano	Naps	1	['6aDo7knzbkZngdREwwMkad']
Niska	Quavo	1	['1ZUDXMqrGCqQA8XqwNBOqf']
Niska	Stefflon Don	1	['1ZUDXMqrGCqQA8XqwNBOqf']
Quavo	Stefflon Don	1	['1ZUDXMqrGCqQA8XqwNBOqf']
Nekfeu	S.Pri Noir	1	['0JOJx8jx0dWZk33MsvRZrB']
Boef	L'Algérino	1	['6aT5ROJFLj5SxuLMoNzGoq']
6ix9ine	Vladimir Cauchemar	1	['0pzKMdjWnQRd7SoHnhV7EO']
Bryson Tiller	DJ Khaled	1	['1OAh8uOEOvTDqkKFsKksCi']
Bryson Tiller	Rihanna	1	['1OAh8uOEOvTDqkKFsKksCi']
DJ Khaled	Rihanna	1	['1OAh8uOEOvTDqkKFsKksCi']
DJ Babs	Djadja & Dinaz	1	['36rJPxwMaQV4EL7N8f8UXO']
Christine and the Queens	Dâm-Funk	1	['2mBEeHZ9n01x1qbfHggyl5']
6ix9ine	Capo	1	['4IAVIBh9jbYN30DwpHFMD4']
6ix9ine	Farid Bang	1	['4IAVIBh9jbYN30DwpHFMD4']
6ix9ine	SCH	1	['4IAVIBh9jbYN30DwpHFMD4']
Capo	Farid Bang	1	['4IAVIBh9jbYN30DwpHFMD4']
Capo	SCH	1	['4IAVIBh9jbYN30DwpHFMD4']
Farid Bang	SCH	1	['4IAVIBh9jbYN30DwpHFMD4']
Orelsan	YBN Cordae	1	['2YDZ4z1Na2c2VNAv7AyV3d']
4Keus	Dry	1	['3fsxaVOcdrxun6islmsklq']
4Keus	KeBlack	1	['3fsxaVOcdrxun6islmsklq']
4Keus	Naza	1	['3fsxaVOcdrxun6islmsklq']
Dry	KeBlack	1	['3fsxaVOcdrxun6islmsklq']
Dry	Naza	1	['3fsxaVOcdrxun6islmsklq']
Sidney Samson	Tujamo	1	['4yn4T3wztHmguBIeSVwWie']
Heuss L'enfoiré	YL	1	['5AANXJZRvqxAKALntgTEhj']
Sadek	YL	1	['5AANXJZRvqxAKALntgTEhj']
Chaps	Columbine	1	['6Uk6MCdcT025QBTcXRFKDL']
Chaps	Lujipeka	1	['6Uk6MCdcT025QBTcXRFKDL']
Jul	Ninho	1	['6PTvE2gQraGPgXUGmYhvwV']
KYLE	Kehlani	1	['4F1yvJfQ7gJkrcgFJQDjOr']
Offset	Tyga	1	['5IaHrVsrferBYDm0bDyABy']
Aya Nakamura	DaVido	1	['7ihLqNmG5BurdlCtdmhCPa']
Aya Nakamura	Naza	1	['1BBghJ7HDpvPuW89guslYW']
N.O.S	S-Pion	1	['6nHQKlIiie08JLwiEJ26zy']
Dan Caplen	Jess Glynne	1	['5CLGzJsGqhCEECcpnFQA8x']
Dan Caplen	Macklemore	1	['5CLGzJsGqhCEECcpnFQA8x']
Dan Caplen	Rudimental	1	['5CLGzJsGqhCEECcpnFQA8x']
Jess Glynne	Macklemore	1	['5CLGzJsGqhCEECcpnFQA8x']
Jess Glynne	Rudimental	1	['5CLGzJsGqhCEECcpnFQA8x']
Macklemore	Rudimental	1	['5CLGzJsGqhCEECcpnFQA8x']
Anne-Marie	Marshmello	1	['08bNPGLD8AhKpnnERrAc6G']
Hornet La Frappe	Kalash Criminel	1	['4Fs7MwRgOfVOwfXGSPg5eW']
Hornet La Frappe	Rémy	1	['4Fs7MwRgOfVOwfXGSPg5eW']
Kalash Criminel	Rémy	1	['4Fs7MwRgOfVOwfXGSPg5eW']
Anne-Marie	Major Lazer	1	['3D1rlKmZdpYUeMtRRLNawc']
Anne-Marie	Mr Eazi	1	['3D1rlKmZdpYUeMtRRLNawc']
Anne-Marie	Rudimental	1	['3D1rlKmZdpYUeMtRRLNawc']
Major Lazer	Mr Eazi	1	['3D1rlKmZdpYUeMtRRLNawc']
Major Lazer	Rudimental	1	['3D1rlKmZdpYUeMtRRLNawc']
Mr Eazi	Rudimental	1	['3D1rlKmZdpYUeMtRRLNawc']
Lido	Petit Biscuit	1	['7wKzj1b8YKPuZELfVDz708']
Calvin Harris	Jessie Reyez	1	['5N5k9nd479b1xpDZ4usjrg']
Calvin Harris	Sam Smith	1	['5N5k9nd479b1xpDZ4usjrg']
Jessie Reyez	Sam Smith	1	['5N5k9nd479b1xpDZ4usjrg']
French Montana	Jason Derulo	1	['2z4pcBLQXF2BXKFvd0BuB6']
21 Savage	Quavo	1	['3edzl4zvKFi0D3iuF6cs2f']
Bradley Cooper	Lady Gaga	1	['2VxeLyX666F8uXCJ0dZF8B']
Bebe Rexha	David Guetta	1	['0YammaEkYSeo9vQYZ1OwS6']
Bebe Rexha	J Balvin	1	['0YammaEkYSeo9vQYZ1OwS6']
David Guetta	J Balvin	1	['0YammaEkYSeo9vQYZ1OwS6']
Jul	Soprano	1	['5cTZzTHQyApFERuGxYdM9k']
Cookin' On 3 Burners	Kungs	1	['1A8j067qyiNwQnZT0bzUpZ']
Columbine	Lorenzo	1	['5BxTw9n8lyyEQpGRhkkfs5']
Kodak Black	XXXTENTACION	1	['40oKW22ZNNkEdZLJTScaQI']
Demi Lovato	Luis Fonsi	1	['1zsG4eaZmkA1dvjDDsAGLK']
Avicii	Sandro Cavazza	1	['6WbADFqMvR8N5u0BvtsWQE']
Kendrick Lamar	Lil Wayne	1	['0dbTQYW3Ad1FTzIA9t90E8']
DA Uzi	Ninho	1	['3eiuxHgjBs0ZHYgyapxD4d']
Bazzi	Camila Cabello	1	['4VUwkH455At9kENOfzTqmF']
DJ Kayz	RK	1	['47V9WTw9aVHgGXi4wG1JXf']
6ix9ine	Kanye West	1	['1oJ8EDr2pv94IvSd6ZmDgo']
Kanye West	Nicki Minaj	1	['1oJ8EDr2pv94IvSd6ZmDgo']
Aya Nakamura	Niska	1	['3qHs2PoiJMPvdxgyRSvqAl']
Alonzo	Maître Gims	1	['4z0IXsydGE0IpQnO2uOlKU']
Gradur	Kalash Criminel	1	['5npjrk0bYGbINMUQxqnE7i']
Chance the Rapper	DJ Khaled	1	['5WvAo7DNuPRmk4APhdPzi8']
Chance the Rapper	Justin Bieber	1	['5WvAo7DNuPRmk4APhdPzi8']
Chance the Rapper	Quavo	1	['5WvAo7DNuPRmk4APhdPzi8']
DJ Khaled	Justin Bieber	1	['5WvAo7DNuPRmk4APhdPzi8']
DJ Khaled	Quavo	1	['5WvAo7DNuPRmk4APhdPzi8']
Justin Bieber	Quavo	1	['5WvAo7DNuPRmk4APhdPzi8']
Conor Maynard	Kris Kross Amsterdam	1	['3DGar7krWlmrXRFHBcQF6z']
Conor Maynard	The Boy Next Door	1	['3DGar7krWlmrXRFHBcQF6z']
Kris Kross Amsterdam	The Boy Next Door	1	['3DGar7krWlmrXRFHBcQF6z']
MHD	Maître Gims	1	['7yNjAm3tAgg0u3vP6fMwzO']
Drake	Meek Mill	1	['2IRZnDFmlqMuOrYOLnZZyc']
John Lennon	The Harlem Community Choir	1	['3zJw3rugfpVrmBeDDnUYzy']
John Lennon	The Plastic Ono Band	1	['3zJw3rugfpVrmBeDDnUYzy']
John Lennon	Yoko Ono	1	['3zJw3rugfpVrmBeDDnUYzy']
The Harlem Community Choir	The Plastic Ono Band	1	['3zJw3rugfpVrmBeDDnUYzy']
The Harlem Community Choir	Yoko Ono	1	['3zJw3rugfpVrmBeDDnUYzy']
The Plastic Ono Band	Yoko Ono	1	['3zJw3rugfpVrmBeDDnUYzy']
Blasko	Ninho	1	['7bz2Cq5KpA0kMLJjymDF1H']
Dadju	Sofiane	1	['40Ze60ybC3y2pJLfmYjcfU']
A$AP Rocky	Moby	1	['1YmF9PvLhIISIANoMLIYGq']
Alessia Cara	Khalid	1	['5tz69p7tJuGPeMGwNTxYuV']
Alessia Cara	Logic	1	['5tz69p7tJuGPeMGwNTxYuV']
Khalid	Logic	1	['5tz69p7tJuGPeMGwNTxYuV']
Columbine	Sully	1	['1Mufe4tTWAmmK15pV36gWE']
Foda C	Sully	1	['1Mufe4tTWAmmK15pV36gWE']
Booba	Sidiki Diabaté	1	['61TEjsLb7OlStCTpQfcHnC']
Niska	Sidiki Diabaté	1	['61TEjsLb7OlStCTpQfcHnC']
6ix9ine	Lil Baby	1	['4m5Cd9kAbIxg6t9sMrQWtk']
Lacrim	Maître Gims	1	['5zbPPtpSfA5GQ9C1Ya3rrl']
404Billy	Damso	1	['5ufSRCp3X8JPWnJqIaV6Rl']
Clean Bandit	Julia Michaels	1	['2xmrfQpmS2iJExTlklLoAL']
Alpha 5.20	Sofiane	1	['3e8EZrcHXpjrT5tTuku782']
Kanye West	Travis Barker	1	['0T6RSXxFhW8dRTWHI604ld']
Kanye West	XXXTENTACION	1	['0T6RSXxFhW8dRTWHI604ld']
Alan Walker	Digital Farm Animals	1	['5yFSF6qQA1rcLsQRnBsZgb']
Alan Walker	Juliander	1	['5yFSF6qQA1rcLsQRnBsZgb']
Alan Walker	Noah Cyrus	1	['5yFSF6qQA1rcLsQRnBsZgb']
Digital Farm Animals	Juliander	1	['5yFSF6qQA1rcLsQRnBsZgb']
Digital Farm Animals	Noah Cyrus	1	['5yFSF6qQA1rcLsQRnBsZgb']
Juliander	Noah Cyrus	1	['5yFSF6qQA1rcLsQRnBsZgb']
Damso	Lacrim	1	['4eUxD9V0Df1prftDNBpQ9Z']
Mister V	Samy Ceezy	1	['4OSEfpGKodfk38FYfqrF0X']
Ed Sheeran	Eminem	1	['5UEnHoDYpsxlfzWLZIc7LD']
Banx & Ranx	Ella Eyre	1	['1HagMz5nWk1HmevNCBOxF3']
Banx & Ranx	Yxng Bane	1	['1HagMz5nWk1HmevNCBOxF3']
Ella Eyre	Yxng Bane	1	['1HagMz5nWk1HmevNCBOxF3']
Mark Ronson	Miley Cyrus	1	['27rdGxbavYJeBphck5MZAF']
Alesso	Florida Georgia Line	1	['5AEtlRudpgdT5FtNiuly6Y']
Alesso	Hailee Steinfeld	1	['5AEtlRudpgdT5FtNiuly6Y']
Alesso	watt	1	['5AEtlRudpgdT5FtNiuly6Y']
Florida Georgia Line	Hailee Steinfeld	1	['5AEtlRudpgdT5FtNiuly6Y']
Florida Georgia Line	watt	1	['5AEtlRudpgdT5FtNiuly6Y']
Hailee Steinfeld	watt	1	['5AEtlRudpgdT5FtNiuly6Y']
6LACK	Khalid	1	['6Hgh47WXVKtXN5zGOu0hjI']
6LACK	Ty Dolla $ign	1	['6Hgh47WXVKtXN5zGOu0hjI']
Khalid	Ty Dolla $ign	1	['6Hgh47WXVKtXN5zGOu0hjI']
Niro	Rohff	1	['1n8NBT0ee6TKoGtTI4NxXc']
Hornet La Frappe	Lacrim	1	['3iYv5nIthPXesF0DeuhmVL']
Bruno Mars	Gucci Mane	1	['0QIjsbm2fh1cJ45XO9eGqq']
Bruno Mars	Kodak Black	1	['0QIjsbm2fh1cJ45XO9eGqq']
Gucci Mane	Kodak Black	1	['0QIjsbm2fh1cJ45XO9eGqq']
Khalid	Swae Lee	1	['5jyyPsIGM2yqkZN9R3TmvN']
Felix Jaehn	OMI	1	['7vFoFDWqTX0mHzLfrF1Cfy']
Alonzo	Dj Spike Miller	1	['6FAKLnUql9gsDazDY0PrrS']
Hornet La Frappe	RH Las	1	['3B4UBYDcjWTmte3LJG3Q0I']
Kygo	Sandro Cavazza	1	['14sOS5L36385FJ3OL8hew4']
MHD	Ninho	1	['5rCeC0iE86X0NHTSI48xYl']
Caballero & JeanJass	Sofiane	1	['7FUjAEkv8pnnVfudD35JIf']
Liam Payne	Rita Ora	1	['5hM6sP0Gh1jD57drszNueC']
Lucas Marx	Maesic	1	['4PbV1OblDNkQYAsLG04Cgl']
Kaaris	Landy	1	['7006NKCGUmFtdJJUSfhOIx']
Landy	Sofiane	1	['7006NKCGUmFtdJJUSfhOIx']
Bigflo & Oli	Black M	1	['0knb2aRjJbgzZ2CfSCuD5a']
Bigflo & Oli	Soprano	1	['0knb2aRjJbgzZ2CfSCuD5a']
Black M	Soprano	1	['0knb2aRjJbgzZ2CfSCuD5a']
6ix9ine	Tory Lanez	1	['6Gy7rXB6Ku5vIWC7WGWsl3']
6ix9ine	Bobby Shmurda	1	['1jQvUmf16VE9WQCPuK2e8K']
Caballero & JeanJass	Roméo Elvis	1	['5h08lYU7os8PxkCP73bjDX']
Sofiane	Vegedream	1	['0oD2wK8SA2qRdt97ik3YQ6']
Jazzy Bazz	Nekfeu	1	['3R5atTEAiKBu5t3tZ3D0Uz']
Matt Ox	XXXTENTACION	1	['65u1dHQyQyE4y4aN2eDmMF']
Rim'K	YL	1	['7MrLw8A7ocTwSAVK0S1P4d']
Khaled	Soolking	1	['4i3lAgB6rzx7KcFiJcE7Rh']
DJ Kayz	Scridge	1	['5Ms2G7M5TU9XBpWg4eJgos']
DJ Kayz	Wassila	1	['5Ms2G7M5TU9XBpWg4eJgos']
Scridge	Wassila	1	['5Ms2G7M5TU9XBpWg4eJgos']
Trippie Redd	XXXTENTACION	1	['7AQim7LbvFVZJE3O8TYgf2']
Lost Frequencies	The NGHBRS	1	['30K9xVNSog0DVr5ey5yVoY']
Drake	Migos	1	['6n4U3TlzUGhdSFbUUhTvLP']
Bill Pinkney	Clyde McPhatter	1	['0iyrGs4yXc2lWQCqCgCx0C']
Bill Pinkney	The Drifters	1	['0iyrGs4yXc2lWQCqCgCx0C']
Clyde McPhatter	The Drifters	1	['0iyrGs4yXc2lWQCqCgCx0C']
Julia Michaels	Trippie Redd	1	['2OvV4NjEBRE9v8Oo7QeUCq']
Zac Efron	Zendaya	1	['630sXRhIcfwr2e4RdNtjKN']
Kendrick Lamar	Travis Scott	1	['5cXg9IQS34FzLVdHhp7hu7']
Gringe	Léa Castel	1	['4RZ0ebWAxiQbMySXcFhGCk']
Benjamin Ingrosso	Ofenbach	1	['50SEeQXOJgaXPv2S0v7ded']
Dadju	Dry	1	['1m519DBMMI8x3EPGzSCBki']
Future	J Balvin	1	['4zWO4gvuFtw6EJZC5FFGlr']
Future	Juan Magán	1	['4zWO4gvuFtw6EJZC5FFGlr']
Future	MC Fioti	1	['4zWO4gvuFtw6EJZC5FFGlr']
Future	Stefflon Don	1	['4zWO4gvuFtw6EJZC5FFGlr']
J Balvin	Juan Magán	1	['4zWO4gvuFtw6EJZC5FFGlr']
J Balvin	MC Fioti	1	['4zWO4gvuFtw6EJZC5FFGlr']
J Balvin	Stefflon Don	1	['4zWO4gvuFtw6EJZC5FFGlr']
Juan Magán	MC Fioti	1	['4zWO4gvuFtw6EJZC5FFGlr']
Juan Magán	Stefflon Don	1	['4zWO4gvuFtw6EJZC5FFGlr']
MC Fioti	Stefflon Don	1	['4zWO4gvuFtw6EJZC5FFGlr']
Booba	Gato	1	['2OyrNLP00LCDYFC5MMtdHq']
Diplo	MØ	1	['68m6iwhKElLTBaGRG1LLwE']
Le Motel	VYNK	1	['6cfHjCMFEhFMO9Pus8pPNL']
Roméo Elvis	VYNK	1	['6cfHjCMFEhFMO9Pus8pPNL']
Beyoncé	DJ Khaled	1	['1W6wxOOYyJyyok8fqYSZ3m']
Beyoncé	Future	1	['1W6wxOOYyJyyok8fqYSZ3m']
Beyoncé	JAY-Z	1	['1W6wxOOYyJyyok8fqYSZ3m']
DJ Khaled	Future	1	['1W6wxOOYyJyyok8fqYSZ3m']
DJ Khaled	JAY-Z	1	['1W6wxOOYyJyyok8fqYSZ3m']
Future	JAY-Z	1	['1W6wxOOYyJyyok8fqYSZ3m']
Bedjik	Maître Gims	1	['0NaIrxo8ihZ4a0uv8ASUXt']
Djena Della	Jul	1	['3PCHHytV0A880TKPVya4f7']
Angèle	Damso	1	['3cYf24Pf7oqX9XOHHrWy38']
Eminem	Joyner Lucas	1	['60SdxE8apGAxMiRrpbmLY0']
Naps	Raisse	1	['2tFJuYJWLfDwIBPdONVGW0']
J Balvin	Maluma	1	['6JjPBQfI2Y8nIjnm65X6Pw']
J Balvin	Ozuna	1	['6JjPBQfI2Y8nIjnm65X6Pw']
Maluma	Nicky Jam	1	['6JjPBQfI2Y8nIjnm65X6Pw']
Maluma	Ozuna	1	['6JjPBQfI2Y8nIjnm65X6Pw']
GLK	Koba LaD	1	['71chDzMntV8pjuOaLuDPaY']
GLK	RK	1	['71chDzMntV8pjuOaLuDPaY']
Koba LaD	RK	1	['71chDzMntV8pjuOaLuDPaY']
Calvin Harris	Dua Lipa	1	['7ef4DlsgrMEH11cDZd32M6']
Drake	Static Major	1	['4IvenHmD0spfFDOKphoUDp']
Drake	Ty Dolla $ign	1	['4IvenHmD0spfFDOKphoUDp']
Static Major	Ty Dolla $ign	1	['4IvenHmD0spfFDOKphoUDp']
Elams	KeBlack	1	['5hdW6uwc2IyyRY3ji2P91e']
Elams	Marwa Loud	1	['10Wd1MBtSQrgsvt6lxknnM']
Billie Eilish	Khalid	1	['0u2P5u6lvoDfwTYjAADbn4']
BlocBoy JB	Drake	1	['4qKcDkK6siZ7Jp1Jb4m0aL']
4Keus	Q.E Favelas	1	['7FrGUb4UXOsHpiONWRBGPj']
DJ Sem	Marwa Loud	1	['6flVMwes9WcpCyNGTTVJ2j']
Roméo Elvis	Therapie TAXI	1	['3yndKI4zWEyC36BQYrdKBA']
Kalif	Naps	1	['4ggV1FFgVdMeUEpVd5U2pb']
GLK	Ninho	1	['3ABwQntK8i49EGOd3SSj7Q']
Drake	JAY-Z	1	['3Yw09dj3cTXsAzlLjgBfIP']
Big Sean	Calvin Harris	1	['5bcTCxgc7xVfSaMV3RuVke']
Big Sean	Katy Perry	1	['5bcTCxgc7xVfSaMV3RuVke']
Big Sean	Pharrell Williams	1	['5bcTCxgc7xVfSaMV3RuVke']
Calvin Harris	Katy Perry	1	['5bcTCxgc7xVfSaMV3RuVke']
Calvin Harris	Pharrell Williams	1	['5bcTCxgc7xVfSaMV3RuVke']
Katy Perry	Pharrell Williams	1	['5bcTCxgc7xVfSaMV3RuVke']
Fuse ODG	Major Lazer	1	['0L7loeTIg6akW84aEQZpCT']
Fuse ODG	Nyla	1	['0L7loeTIg6akW84aEQZpCT']
Major Lazer	Nyla	1	['0L7loeTIg6akW84aEQZpCT']
PLK	Paluch	1	['2BeQ5nfrjilBCbsK9LKTqS']
Duane Harden	Joe Killington	1	['41rOnZXVg3cLacziEBgkpW']
Duane Harden	Purple Disco Machine	1	['41rOnZXVg3cLacziEBgkpW']
Joe Killington	Purple Disco Machine	1	['41rOnZXVg3cLacziEBgkpW']
Daddy Yankee	Justin Bieber	1	['5CtI0qwDJkDQGwXD1H1cLb']
Justin Bieber	Luis Fonsi	1	['5CtI0qwDJkDQGwXD1H1cLb']
Bebe Rexha	Cardi B	1	['1YNQscOx6OqBQjxgJVhEeW']
Bebe Rexha	Charli XCX	1	['1YNQscOx6OqBQjxgJVhEeW']
Bebe Rexha	Rita Ora	1	['1YNQscOx6OqBQjxgJVhEeW']
Cardi B	Charli XCX	1	['1YNQscOx6OqBQjxgJVhEeW']
Cardi B	Rita Ora	1	['1YNQscOx6OqBQjxgJVhEeW']
Charli XCX	Rita Ora	1	['1YNQscOx6OqBQjxgJVhEeW']
AM La Scampia	Lacrim	1	['796IKYYryVu3Qc4Q4HXLbI']
JeanJass	Lomepal	1	['6A3bL3MlU0l54kKlgpw0UT']
Lartiste	Naza	1	['1YnILgUaNQOwqAMpbOoXIk']
Caballero & JeanJass	Hamza	1	['3P9rxEbRZ9GiVnFhiODNMp']
Dizzee Rascal	Nekfeu	1	['1Tx2jZNOvlrj20ctkCg8vR']
Dizzee Rascal	Orelsan	1	['1Tx2jZNOvlrj20ctkCg8vR']
Nekfeu	Orelsan	1	['1Tx2jZNOvlrj20ctkCg8vR']
Rim'K	Vald	1	['55g4eVo9OMDMxOgt3oMjio']
Claudio Capéo	Vitaa	1	['0kiNe5qx5O3CccrvsYL4Y6']
Sia	ZAYN	1	['1j4kHkkpqZRBwE0A4CN4Yv']
French Montana	Swae Lee	1	['3B54sVLJ402zGa6Xm4YGNe']
Bruno Mars	Cardi B	1	['3Vo4wInECJQuz9BIBMOu8i']
Abou Debeing	Imen Es	1	['7cyGlxzD9TCwzFRZdIhXNE']
Aymane Serhani	Jul	1	['2GSEiqVdbn0DiqTil4eqVL']
Lil Pump	Maluma	1	['2LskIZrCeLxRvCiGP8gxlh']
Lil Pump	Swae Lee	1	['2LskIZrCeLxRvCiGP8gxlh']
Lil Pump	XXXTENTACION	1	['2LskIZrCeLxRvCiGP8gxlh']
Maluma	Swae Lee	1	['2LskIZrCeLxRvCiGP8gxlh']
Maluma	XXXTENTACION	1	['2LskIZrCeLxRvCiGP8gxlh']
Swae Lee	XXXTENTACION	1	['2LskIZrCeLxRvCiGP8gxlh']
Maes	Zed	1	['5qNoStht8VZlb0cg7ttmQB']
Heuss L'enfoiré	Kalash Criminel	1	['196cSZjrDdgaJILT3cpfYl']
Heuss L'enfoiré	Mac Tyer	1	['196cSZjrDdgaJILT3cpfYl']
Heuss L'enfoiré	Soolking	1	['196cSZjrDdgaJILT3cpfYl']
Kalash Criminel	Mac Tyer	1	['196cSZjrDdgaJILT3cpfYl']
Kalash Criminel	Sadek	1	['196cSZjrDdgaJILT3cpfYl']
Mac Tyer	Sadek	1	['196cSZjrDdgaJILT3cpfYl']
Mac Tyer	Soolking	1	['196cSZjrDdgaJILT3cpfYl']
Mac Tyer	Vald	1	['196cSZjrDdgaJILT3cpfYl']
Sadek	Soolking	1	['196cSZjrDdgaJILT3cpfYl']
Sadek	Vald	1	['196cSZjrDdgaJILT3cpfYl']
Soolking	Vald	1	['196cSZjrDdgaJILT3cpfYl']
Jul	Maître Gims	1	['1zM2dzrpBC2y3PxARrCUwJ']
Basada	Camden Cox	1	['26eAvxayGhd7vlrpGRo8SL']
Chris Brown	Lil Dicky	1	['10Igtw8bSDyyFs7KIsKngZ']
Juicy P	Koba LaD	1	['4nYN5lYqCjsvEMg6tArkqh']
GLK	Q.E Favelas	1	['3C4OmsfEPMnhEIRomV73Bx']
GLK	Sadek	1	['3C4OmsfEPMnhEIRomV73Bx']
Q.E Favelas	Sadek	1	['3C4OmsfEPMnhEIRomV73Bx']
David Guetta	Jason Derulo	1	['5Xn4IyTtW6FUGIUyWjbUHG']
David Guetta	Nicki Minaj	1	['5Xn4IyTtW6FUGIUyWjbUHG']
David Guetta	Willy William	1	['5Xn4IyTtW6FUGIUyWjbUHG']
Jason Derulo	Nicki Minaj	1	['5Xn4IyTtW6FUGIUyWjbUHG']
Jason Derulo	Willy William	1	['5Xn4IyTtW6FUGIUyWjbUHG']
Nicki Minaj	Willy William	1	['5Xn4IyTtW6FUGIUyWjbUHG']
Mac Tyer	Rémy	1	['5mh8dXYRh4EQMab4CFw77P']
Kpoint	Ninho	1	['2NUIWpL6IsYGkwfSN7basS']
KIDS SEE GHOSTS	Pusha T	1	['3aUFrxO1B8EW63QchEl3wX']
Booba	Medine	1	['1VYTP4prOc62xQe1KWf3S5']
Biss	Dosseh	1	['3psEUtAnKgAD5zLP70HxNG']
Biss	Ppros	1	['3psEUtAnKgAD5zLP70HxNG']
Biss	Votourious	1	['3psEUtAnKgAD5zLP70HxNG']
Dosseh	Ppros	1	['3psEUtAnKgAD5zLP70HxNG']
Dosseh	Votourious	1	['3psEUtAnKgAD5zLP70HxNG']
Ppros	Votourious	1	['3psEUtAnKgAD5zLP70HxNG']
Bastille	Marshmello	1	['2dpaYNEQHiRxtZbfNsse99']
Dzeko	Post Malone	1	['4kWO6O1BUXcZmaxitpVUwp']
Dzeko	Preme	1	['4kWO6O1BUXcZmaxitpVUwp']
Dzeko	Tiësto	1	['4kWO6O1BUXcZmaxitpVUwp']
Post Malone	Preme	1	['4kWO6O1BUXcZmaxitpVUwp']
Post Malone	Tiësto	1	['4kWO6O1BUXcZmaxitpVUwp']
Preme	Tiësto	1	['4kWO6O1BUXcZmaxitpVUwp']
Future	Kiiara	1	['14EgW52HVqnLHd30bgbPxg']
Future	Ty Dolla $ign	1	['14EgW52HVqnLHd30bgbPxg']
Kiiara	Ty Dolla $ign	1	['14EgW52HVqnLHd30bgbPxg']
Naza	Ninho	1	['2Lb8MWjNifvc1Z5yg73L5C']
Chaman	Foda C	1	['7jUjpnMND7rjZmwbEK4ypv']
Busta Flex	Nakk Mendosa	1	['0wGmVVpcXipe3Yl42DGcHx']
Busta Flex	Shone	1	['0wGmVVpcXipe3Yl42DGcHx']
Busta Flex	Sofiane	1	['0wGmVVpcXipe3Yl42DGcHx']
Nakk Mendosa	Shone	1	['0wGmVVpcXipe3Yl42DGcHx']
Nakk Mendosa	Sofiane	1	['0wGmVVpcXipe3Yl42DGcHx']
Shone	Sofiane	1	['0wGmVVpcXipe3Yl42DGcHx']
MHD	Yemi Alade	1	['2k8oe0wuGjlVvnlYAVaKzn']
Eugy	Kojo Funds	1	['5ru3GDMUhPCqEmm9RQKL0H']
Eugy	Orelsan	1	['5ru3GDMUhPCqEmm9RQKL0H']
Kojo Funds	Orelsan	1	['5ru3GDMUhPCqEmm9RQKL0H']
Metro Boomin	Offset	1	['7sO5G9EABYOXQKNPNiE9NR']
Mister V	PLK	1	['45W21u1MJPejm7HVyghzA1']
Drake	Kyla	1	['1xznGGDReH1oQq0xzbwXa3']
Drake	WizKid	1	['1xznGGDReH1oQq0xzbwXa3']
Kyla	WizKid	1	['1xznGGDReH1oQq0xzbwXa3']
BloodPop®	Hailee Steinfeld	1	['3towKHKVOXCCcL1fHv6xFO']
Aya Nakamura	DJ Erise	1	['1lgunmmIvvsY7mZeN1SL3j']
Kendrick Lamar	The Weeknd	1	['4ofvoCdXq99vpMZO4Cfp8x']
Lil Wayne	Travis Scott	1	['0CBQ0m3mufWH75LTYB3s6h']
Bruno Mars	Mark Ronson	1	['32OlwWuMpZ6b0aN2RZOeMS']
Bright Sparks	Feder	1	['45922vVwDr2DgnuYAS6iLp']
Bright Sparks	Jen Jis	1	['45922vVwDr2DgnuYAS6iLp']
Feder	Jen Jis	1	['45922vVwDr2DgnuYAS6iLp']
Dosseh	Vegedream	1	['49C6hw1ErLZBELEDdaOWPP']
Piso 21	Robin Schulz	1	['2xw9PXlt8IaCWZjfpJ2HPL']
4Keus Gang	Kaaris	1	['6MdCFghjzzlYnBi5OF3bJo']
4Keus Gang	Mac Kregor	1	['6MdCFghjzzlYnBi5OF3bJo']
4Keus Gang	Q.E Favelas	1	['6MdCFghjzzlYnBi5OF3bJo']
Kaaris	Mac Kregor	1	['6MdCFghjzzlYnBi5OF3bJo']
Kaaris	Q.E Favelas	1	['6MdCFghjzzlYnBi5OF3bJo']
Mac Kregor	Q.E Favelas	1	['6MdCFghjzzlYnBi5OF3bJo']
Cardi B	DJ Snake	1	['4w8niZpiMy6qz1mntFA5uM']
Cardi B	Ozuna	1	['4w8niZpiMy6qz1mntFA5uM']
Cardi B	Selena Gomez	1	['4w8niZpiMy6qz1mntFA5uM']
DJ Snake	Ozuna	1	['4w8niZpiMy6qz1mntFA5uM']
DJ Snake	Selena Gomez	1	['4w8niZpiMy6qz1mntFA5uM']
Ozuna	Selena Gomez	1	['4w8niZpiMy6qz1mntFA5uM']
Orelsan	Stromae	1	['4cYFep5SECqb4EsSkF82e0']
Bigflo & Oli	Tryo	1	['5xYPK8M3ANRu5IgQBnYcP8']
Caballero & JeanJass	Krisy	1	['4Uy2kIc7HOOPV4pixmPJrH']
Dosseh	Kalash	1	['1eMc27EFNzqgO7OdfBXxWK']
Migos	Post Malone	1	['3OnOomd79OjqSYHchCQ6ht']
Damso	Vald	1	['0NUvPSk4VzBW0ClqgGxNRj']
Logic	Rag'n'Bone Man	1	['5rxPi0MiR4miNK0rCmk980']
Ibeyi	Orelsan	1	['3SgnYOV9ONL0bIHaAcOYE1']
Bamby	Jahyanai	1	['6sZ2zjebkPsXTrxhvaRFJF']
Jul	Loredana	1	['1euq6jGVbZjIZixCTSug15']
Meryl	Timal	1	['4rZ9c0yxEuhoQ6fSXFqKJQ']
Dabs	Sofiane	1	['47cfQRbDgQyHCQevf89uzs']
